[{"model": "admin.logentry", "pk": 1, "fields": {"action_time": "2021-12-06T14:57:09.182Z", "user": 1, "content_type": 7, "object_id": "1", "object_repr": "JP", "action_flag": 1, "change_message": "[{\"added\": {}}]"}}, {"model": "admin.logentry", "pk": 2, "fields": {"action_time": "2021-12-06T14:57:20.101Z", "user": 1, "content_type": 7, "object_id": "2", "object_repr": "T9", "action_flag": 1, "change_message": "[{\"added\": {}}]"}}, {"model": "admin.logentry", "pk": 3, "fields": {"action_time": "2021-12-06T14:57:26.798Z", "user": 1, "content_type": 7, "object_id": "3", "object_repr": "TH", "action_flag": 1, "change_message": "[{\"added\": {}}]"}}, {"model": "admin.logentry", "pk": 4, "fields": {"action_time": "2021-12-06T14:57:37.293Z", "user": 1, "content_type": 7, "object_id": "4", "object_repr": "T2", "action_flag": 1, "change_message": "[{\"added\": {}}]"}}, {"model": "admin.logentry", "pk": 5, "fields": {"action_time": "2021-12-06T14:58:02.939Z", "user": 1, "content_type": 7, "object_id": "4", "object_repr": "T2", "action_flag": 3, "change_message": ""}}, {"model": "admin.logentry", "pk": 6, "fields": {"action_time": "2021-12-06T14:58:03.012Z", "user": 1, "content_type": 7, "object_id": "3", "object_repr": "TH", "action_flag": 3, "change_message": ""}}, {"model": "admin.logentry", "pk": 7, "fields": {"action_time": "2021-12-06T14:58:03.080Z", "user": 1, "content_type": 7, "object_id": "2", "object_repr": "T9", "action_flag": 3, "change_message": ""}}, {"model": "admin.logentry", "pk": 8, "fields": {"action_time": "2021-12-06T14:58:03.147Z", "user": 1, "content_type": 7, "object_id": "1", "object_repr": "JP", "action_flag": 3, "change_message": ""}}, {"model": "admin.logentry", "pk": 9, "fields": {"action_time": "2021-12-06T14:58:29.400Z", "user": 1, "content_type": 7, "object_id": "5", "object_repr": "CIIRS", "action_flag": 1, "change_message": "[{\"added\": {}}]"}}, {"model": "admin.logentry", "pk": 10, "fields": {"action_time": "2021-12-06T14:58:43.929Z", "user": 1, "content_type": 7, "object_id": "6", "object_repr": "Nova budova CVUT", "action_flag": 1, "change_message": "[{\"added\": {}}]"}}, {"model": "admin.logentry", "pk": 11, "fields": {"action_time": "2021-12-06T14:59:01.897Z", "user": 1, "content_type": 7, "object_id": "7", "object_repr": "FSv", "action_flag": 1, "change_message": "[{\"added\": {}}]"}}, {"model": "admin.logentry", "pk": 12, "fields": {"action_time": "2021-12-06T14:59:10.841Z", "user": 1, "content_type": 7, "object_id": "8", "object_repr": "Narodni technicka knihovna", "action_flag": 1, "change_message": "[{\"added\": {}}]"}}, {"model": "admin.logentry", "pk": 13, "fields": {"action_time": "2021-12-06T14:59:14.548Z", "user": 1, "content_type": 7, "object_id": "9", "object_repr": "FEL", "action_flag": 1, "change_message": "[{\"added\": {}}]"}}, {"model": "admin.logentry", "pk": 14, "fields": {"action_time": "2021-12-06T14:59:17.865Z", "user": 1, "content_type": 7, "object_id": "10", "object_repr": "FS", "action_flag": 1, "change_message": "[{\"added\": {}}]"}}, {"model": "admin.logentry", "pk": 15, "fields": {"action_time": "2021-12-06T14:59:26.920Z", "user": 1, "content_type": 7, "object_id": "11", "object_repr": "UTVS", "action_flag": 1, "change_message": "[{\"added\": {}}]"}}, {"model": "admin.logentry", "pk": 16, "fields": {"action_time": "2021-12-06T14:59:31.920Z", "user": 1, "content_type": 7, "object_id": "12", "object_repr": "FEL FS", "action_flag": 1, "change_message": "[{\"added\": {}}]"}}, {"model": "admin.logentry", "pk": 17, "fields": {"action_time": "2021-12-06T15:00:43.715Z", "user": 1, "content_type": 7, "object_id": "5", "object_repr": "CIIRC", "action_flag": 2, "change_message": "[{\"changed\": {\"fields\": [\"Name\"]}}]"}}, {"model": "admin.logentry", "pk": 18, "fields": {"action_time": "2021-12-06T15:03:48.011Z", "user": 1, "content_type": 4, "object_id": "2", "object_repr": "janoujan", "action_flag": 1, "change_message": "[{\"added\": {}}]"}}, {"model": "admin.logentry", "pk": 19, "fields": {"action_time": "2021-12-06T15:04:09.264Z", "user": 1, "content_type": 9, "object_id": "1", "object_repr": ", ", "action_flag": 1, "change_message": "[{\"added\": {}}]"}}, {"model": "admin.logentry", "pk": 20, "fields": {"action_time": "2021-12-06T15:04:35.251Z", "user": 1, "content_type": 4, "object_id": "3", "object_repr": "guthondr", "action_flag": 1, "change_message": "[{\"added\": {}}]"}}, {"model": "admin.logentry", "pk": 21, "fields": {"action_time": "2021-12-06T15:04:44.958Z", "user": 1, "content_type": 9, "object_id": "2", "object_repr": ", ", "action_flag": 1, "change_message": "[{\"added\": {}}]"}}, {"model": "admin.logentry", "pk": 22, "fields": {"action_time": "2021-12-06T15:05:04.377Z", "user": 1, "content_type": 4, "object_id": "4", "object_repr": "holubjan", "action_flag": 1, "change_message": "[{\"added\": {}}]"}}, {"model": "admin.logentry", "pk": 23, "fields": {"action_time": "2021-12-06T15:06:07.798Z", "user": 1, "content_type": 9, "object_id": "2", "object_repr": ", ", "action_flag": 3, "change_message": ""}}, {"model": "admin.logentry", "pk": 24, "fields": {"action_time": "2021-12-06T15:06:07.865Z", "user": 1, "content_type": 9, "object_id": "1", "object_repr": ", ", "action_flag": 3, "change_message": ""}}, {"model": "admin.logentry", "pk": 25, "fields": {"action_time": "2021-12-06T15:06:22.952Z", "user": 1, "content_type": 4, "object_id": "3", "object_repr": "guthondr", "action_flag": 3, "change_message": ""}}, {"model": "admin.logentry", "pk": 26, "fields": {"action_time": "2021-12-06T15:06:23.403Z", "user": 1, "content_type": 4, "object_id": "4", "object_repr": "holubjan", "action_flag": 3, "change_message": ""}}, {"model": "admin.logentry", "pk": 27, "fields": {"action_time": "2021-12-06T15:06:23.503Z", "user": 1, "content_type": 4, "object_id": "2", "object_repr": "janoujan", "action_flag": 3, "change_message": ""}}, {"model": "admin.logentry", "pk": 28, "fields": {"action_time": "2021-12-06T15:25:02.378Z", "user": 1, "content_type": 4, "object_id": "5", "object_repr": "test2@email.com", "action_flag": 3, "change_message": ""}}, {"model": "admin.logentry", "pk": 29, "fields": {"action_time": "2021-12-06T15:28:37.397Z", "user": 1, "content_type": 4, "object_id": "7", "object_repr": "kalvotom2@fit.cvut.cz", "action_flag": 3, "change_message": ""}}, {"model": "admin.logentry", "pk": 30, "fields": {"action_time": "2021-12-06T15:28:37.470Z", "user": 1, "content_type": 4, "object_id": "6", "object_repr": "kalvotom@fit.cvut.cz", "action_flag": 3, "change_message": ""}}, {"model": "admin.logentry", "pk": 31, "fields": {"action_time": "2021-12-06T15:29:05.416Z", "user": 1, "content_type": 4, "object_id": "8", "object_repr": "kalvotom@fit.cvut.cz", "action_flag": 3, "change_message": ""}}, {"model": "admin.logentry", "pk": 32, "fields": {"action_time": "2021-12-06T15:35:35.520Z", "user": 1, "content_type": 4, "object_id": "13", "object_repr": "valentmich@fit.cvut.cz", "action_flag": 3, "change_message": ""}}, {"model": "admin.logentry", "pk": 33, "fields": {"action_time": "2021-12-06T16:33:09.493Z", "user": 1, "content_type": 4, "object_id": "18", "object_repr": "www", "action_flag": 3, "change_message": ""}}, {"model": "admin.logentry", "pk": 34, "fields": {"action_time": "2021-12-06T17:05:49.944Z", "user": 1, "content_type": 9, "object_id": "12", "object_repr": "x, x (admin)", "action_flag": 3, "change_message": ""}}, {"model": "admin.logentry", "pk": 35, "fields": {"action_time": "2021-12-06T17:05:50.012Z", "user": 1, "content_type": 9, "object_id": "11", "object_repr": "d, d", "action_flag": 3, "change_message": ""}}, {"model": "admin.logentry", "pk": 36, "fields": {"action_time": "2021-12-06T17:05:50.079Z", "user": 1, "content_type": 9, "object_id": "10", "object_repr": "www, www (admin)", "action_flag": 3, "change_message": ""}}, {"model": "admin.logentry", "pk": 37, "fields": {"action_time": "2021-12-06T17:05:50.146Z", "user": 1, "content_type": 9, "object_id": "9", "object_repr": "Isthiss, Admin?s", "action_flag": 3, "change_message": ""}}, {"model": "admin.logentry", "pk": 38, "fields": {"action_time": "2021-12-06T17:05:50.214Z", "user": 1, "content_type": 9, "object_id": "8", "object_repr": "Isthis, Admin? (admin)", "action_flag": 3, "change_message": ""}}, {"model": "admin.logentry", "pk": 39, "fields": {"action_time": "2021-12-06T17:06:07.554Z", "user": 1, "content_type": 4, "object_id": "16", "object_repr": "admin@email.com", "action_flag": 3, "change_message": ""}}, {"model": "admin.logentry", "pk": 40, "fields": {"action_time": "2021-12-06T17:06:07.625Z", "user": 1, "content_type": 4, "object_id": "17", "object_repr": "admin@email.comm", "action_flag": 3, "change_message": ""}}, {"model": "admin.logentry", "pk": 41, "fields": {"action_time": "2021-12-06T17:06:07.692Z", "user": 1, "content_type": 4, "object_id": "15", "object_repr": "s", "action_flag": 3, "change_message": ""}}, {"model": "admin.logentry", "pk": 42, "fields": {"action_time": "2021-12-06T17:06:07.759Z", "user": 1, "content_type": 4, "object_id": "20", "object_repr": "w", "action_flag": 3, "change_message": ""}}, {"model": "admin.logentry", "pk": 43, "fields": {"action_time": "2021-12-06T17:06:08.496Z", "user": 1, "content_type": 4, "object_id": "19", "object_repr": "www", "action_flag": 3, "change_message": ""}}, {"model": "admin.logentry", "pk": 44, "fields": {"action_time": "2021-12-06T17:06:09.846Z", "user": 1, "content_type": 4, "object_id": "21", "object_repr": "x", "action_flag": 3, "change_message": ""}}, {"model": "admin.logentry", "pk": 45, "fields": {"action_time": "2021-12-07T12:21:16.784Z", "user": 1, "content_type": 11, "object_id": "1", "object_repr": "[Pending authorisation], (by: Tomas, Kalvoda, modified: 2021-12-07 12:21:16.638034+00:00)", "action_flag": 1, "change_message": "[{\"added\": {}}]"}}, {"model": "admin.logentry", "pk": 46, "fields": {"action_time": "2021-12-07T12:22:25.645Z", "user": 1, "content_type": 12, "object_id": "1", "object_repr": "[Pending authorisation] T9:349 (building: Nova budova CVUT), (from: 2021-12-20 12:21:30+00:00 to: s2021-12-20 15:21:44+00:00, by Tomas, Kalvoda, attendees: ['Petr, Novy', 'Milos, Zavadil', 'Pavel, Hav", "action_flag": 1, "change_message": "[{\"added\": {}}]"}}, {"model": "admin.logentry", "pk": 47, "fields": {"action_time": "2021-12-07T12:35:20.722Z", "user": 1, "content_type": 11, "object_id": "2", "object_repr": "[Pending authorisation], (by: Ondrej, Guth, modified: 2021-12-07 12:35:20.720255+00:00)", "action_flag": 1, "change_message": "[{\"added\": {}}]"}}, {"model": "admin.logentry", "pk": 48, "fields": {"action_time": "2021-12-07T12:35:23.950Z", "user": 1, "content_type": 12, "object_id": "2", "object_repr": "[Pending authorisation] T9:155 (building: Nova budova CVUT), (from: 2021-12-25 12:34:52+00:00 to: s2021-12-26 12:34:54+00:00, by Ondrej, Guth, attendees: ['Alois, Kouba']", "action_flag": 1, "change_message": "[{\"added\": {}}]"}}, {"model": "admin.logentry", "pk": 49, "fields": {"action_time": "2021-12-07T12:42:53.850Z", "user": 1, "content_type": 11, "object_id": "3", "object_repr": "[Pending authorisation], (by: Jan, Janousek, modified: 2021-12-07 12:42:53.848048+00:00)", "action_flag": 1, "change_message": "[{\"added\": {}}]"}}, {"model": "admin.logentry", "pk": 50, "fields": {"action_time": "2021-12-07T12:43:18.510Z", "user": 1, "content_type": 12, "object_id": "3", "object_repr": "[Pending authorisation] TH:A-924 (building: FSv), (from: 2021-12-24 12:43:03+00:00 to: s2021-12-24 13:43:09+00:00, by Jan, Janousek, attendees: ['Jan, Holub']", "action_flag": 1, "change_message": "[{\"added\": {}}]"}}, {"model": "admin.logentry", "pk": 51, "fields": {"action_time": "2021-12-07T12:45:23.071Z", "user": 1, "content_type": 11, "object_id": "4", "object_repr": "[Pending authorisation], (by: Karel, Klouda, modified: 2021-12-07 12:45:23.069348+00:00)", "action_flag": 1, "change_message": "[{\"added\": {}}]"}}, {"model": "admin.logentry", "pk": 52, "fields": {"action_time": "2021-12-07T12:45:42.717Z", "user": 1, "content_type": 12, "object_id": "4", "object_repr": "[Pending authorisation] T9:322 (building: Nova budova CVUT), (from: 2021-12-29 12:45:33+00:00 to: s2021-12-30 12:45:40+00:00, by Karel, Klouda, attendees: ['Tomas, Kalvoda', 'Karel, Klouda', 'Daniel, ", "action_flag": 1, "change_message": "[{\"added\": {}}]"}}, {"model": "admin.logentry", "pk": 53, "fields": {"action_time": "2021-12-07T12:47:10.114Z", "user": 1, "content_type": 11, "object_id": "5", "object_repr": "[Pending authorisation], (by: Tomas, Kalvoda, modified: 2021-12-07 12:47:10.110508+00:00)", "action_flag": 1, "change_message": "[{\"added\": {}}]"}}, {"model": "admin.logentry", "pk": 54, "fields": {"action_time": "2021-12-07T12:47:29.695Z", "user": 1, "content_type": 12, "object_id": "5", "object_repr": "[Pending authorisation] TK:BS (building: Narodni technicka knihovna), (from: 2021-12-21 12:47:15+00:00 to: s2021-12-21 12:47:25+00:00, by Tomas, Kalvoda, attendees: ['Alois, Kouba', 'Petr, Novy', 'Mil", "action_flag": 1, "change_message": "[{\"added\": {}}]"}}, {"model": "admin.logentry", "pk": 55, "fields": {"action_time": "2021-12-07T14:39:44.756Z", "user": 1, "content_type": 12, "object_id": "4", "object_repr": "[Pending authorisation] T9:322 (building: Nova budova CVUT), (from: 2021-12-29 12:45:33+00:00 to: s2021-12-30 12:45:40+00:00, by Karel, Klouda, attendees: ['Tomas, Kalvoda', 'Karel, Klouda', 'Daniel, ", "action_flag": 2, "change_message": "[{\"changed\": {\"fields\": [\"Reservation status\"]}}]"}}, {"model": "admin.logentry", "pk": 56, "fields": {"action_time": "2021-12-07T15:17:50.254Z", "user": 1, "content_type": 11, "object_id": "6", "object_repr": "[Approved], (by: Jana, Novotna, modified: 2021-12-07 15:17:06.722110+00:00)", "action_flag": 3, "change_message": ""}}, {"model": "auth.permission", "pk": 1, "fields": {"name": "Can add log entry", "content_type": 1, "codename": "add_logentry"}}, {"model": "auth.permission", "pk": 2, "fields": {"name": "Can change log entry", "content_type": 1, "codename": "change_logentry"}}, {"model": "auth.permission", "pk": 3, "fields": {"name": "Can delete log entry", "content_type": 1, "codename": "delete_logentry"}}, {"model": "auth.permission", "pk": 4, "fields": {"name": "Can view log entry", "content_type": 1, "codename": "view_logentry"}}, {"model": "auth.permission", "pk": 5, "fields": {"name": "Can add permission", "content_type": 2, "codename": "add_permission"}}, {"model": "auth.permission", "pk": 6, "fields": {"name": "Can change permission", "content_type": 2, "codename": "change_permission"}}, {"model": "auth.permission", "pk": 7, "fields": {"name": "Can delete permission", "content_type": 2, "codename": "delete_permission"}}, {"model": "auth.permission", "pk": 8, "fields": {"name": "Can view permission", "content_type": 2, "codename": "view_permission"}}, {"model": "auth.permission", "pk": 9, "fields": {"name": "Can add group", "content_type": 3, "codename": "add_group"}}, {"model": "auth.permission", "pk": 10, "fields": {"name": "Can change group", "content_type": 3, "codename": "change_group"}}, {"model": "auth.permission", "pk": 11, "fields": {"name": "Can delete group", "content_type": 3, "codename": "delete_group"}}, {"model": "auth.permission", "pk": 12, "fields": {"name": "Can view group", "content_type": 3, "codename": "view_group"}}, {"model": "auth.permission", "pk": 13, "fields": {"name": "Can add user", "content_type": 4, "codename": "add_user"}}, {"model": "auth.permission", "pk": 14, "fields": {"name": "Can change user", "content_type": 4, "codename": "change_user"}}, {"model": "auth.permission", "pk": 15, "fields": {"name": "Can delete user", "content_type": 4, "codename": "delete_user"}}, {"model": "auth.permission", "pk": 16, "fields": {"name": "Can view user", "content_type": 4, "codename": "view_user"}}, {"model": "auth.permission", "pk": 17, "fields": {"name": "Can add content type", "content_type": 5, "codename": "add_contenttype"}}, {"model": "auth.permission", "pk": 18, "fields": {"name": "Can change content type", "content_type": 5, "codename": "change_contenttype"}}, {"model": "auth.permission", "pk": 19, "fields": {"name": "Can delete content type", "content_type": 5, "codename": "delete_contenttype"}}, {"model": "auth.permission", "pk": 20, "fields": {"name": "Can view content type", "content_type": 5, "codename": "view_contenttype"}}, {"model": "auth.permission", "pk": 21, "fields": {"name": "Can add session", "content_type": 6, "codename": "add_session"}}, {"model": "auth.permission", "pk": 22, "fields": {"name": "Can change session", "content_type": 6, "codename": "change_session"}}, {"model": "auth.permission", "pk": 23, "fields": {"name": "Can delete session", "content_type": 6, "codename": "delete_session"}}, {"model": "auth.permission", "pk": 24, "fields": {"name": "Can view session", "content_type": 6, "codename": "view_session"}}, {"model": "auth.permission", "pk": 25, "fields": {"name": "Can add building", "content_type": 7, "codename": "add_building"}}, {"model": "auth.permission", "pk": 26, "fields": {"name": "Can change building", "content_type": 7, "codename": "change_building"}}, {"model": "auth.permission", "pk": 27, "fields": {"name": "Can delete building", "content_type": 7, "codename": "delete_building"}}, {"model": "auth.permission", "pk": 28, "fields": {"name": "Can view building", "content_type": 7, "codename": "view_building"}}, {"model": "auth.permission", "pk": 29, "fields": {"name": "Can add group", "content_type": 8, "codename": "add_group"}}, {"model": "auth.permission", "pk": 30, "fields": {"name": "Can change group", "content_type": 8, "codename": "change_group"}}, {"model": "auth.permission", "pk": 31, "fields": {"name": "Can delete group", "content_type": 8, "codename": "delete_group"}}, {"model": "auth.permission", "pk": 32, "fields": {"name": "Can view group", "content_type": 8, "codename": "view_group"}}, {"model": "auth.permission", "pk": 33, "fields": {"name": "Can add person", "content_type": 9, "codename": "add_person"}}, {"model": "auth.permission", "pk": 34, "fields": {"name": "Can change person", "content_type": 9, "codename": "change_person"}}, {"model": "auth.permission", "pk": 35, "fields": {"name": "Can delete person", "content_type": 9, "codename": "delete_person"}}, {"model": "auth.permission", "pk": 36, "fields": {"name": "Can view person", "content_type": 9, "codename": "view_person"}}, {"model": "auth.permission", "pk": 37, "fields": {"name": "Can add room", "content_type": 10, "codename": "add_room"}}, {"model": "auth.permission", "pk": 38, "fields": {"name": "Can change room", "content_type": 10, "codename": "change_room"}}, {"model": "auth.permission", "pk": 39, "fields": {"name": "Can delete room", "content_type": 10, "codename": "delete_room"}}, {"model": "auth.permission", "pk": 40, "fields": {"name": "Can view room", "content_type": 10, "codename": "view_room"}}, {"model": "auth.permission", "pk": 41, "fields": {"name": "Can add reservation status", "content_type": 11, "codename": "add_reservationstatus"}}, {"model": "auth.permission", "pk": 42, "fields": {"name": "Can change reservation status", "content_type": 11, "codename": "change_reservationstatus"}}, {"model": "auth.permission", "pk": 43, "fields": {"name": "Can delete reservation status", "content_type": 11, "codename": "delete_reservationstatus"}}, {"model": "auth.permission", "pk": 44, "fields": {"name": "Can view reservation status", "content_type": 11, "codename": "view_reservationstatus"}}, {"model": "auth.permission", "pk": 45, "fields": {"name": "Can add reservation", "content_type": 12, "codename": "add_reservation"}}, {"model": "auth.permission", "pk": 46, "fields": {"name": "Can change reservation", "content_type": 12, "codename": "change_reservation"}}, {"model": "auth.permission", "pk": 47, "fields": {"name": "Can delete reservation", "content_type": 12, "codename": "delete_reservation"}}, {"model": "auth.permission", "pk": 48, "fields": {"name": "Can view reservation", "content_type": 12, "codename": "view_reservation"}}, {"model": "auth.user", "pk": 1, "fields": {"password": "pbkdf2_sha256$260000$018aXr26tfRXuOUwRijAyl$+8+/e/RB6ZepMgPwzaNqCswqJMk5cJDP1VsLDcUtx28=", "last_login": "2021-12-07T12:15:48.067Z", "is_superuser": true, "username": "koubaalo", "first_name": "", "last_name": "", "email": "koubaalo@fit.cvut.cz", "is_staff": true, "is_active": true, "date_joined": "2021-12-06T14:55:39.411Z", "groups": [], "user_permissions": []}}, {"model": "auth.user", "pk": 9, "fields": {"password": "pbkdf2_sha256$260000$anH8vYMpGHaXQBUFNFdh87$hagIWUYQzxbC8PJN8GsXW6fm8NICnYT3nH2uoohx3ZQ=", "last_login": null, "is_superuser": false, "username": "kalvotom@fit.cvut.cz", "first_name": "Tomas", "last_name": "Kalvoda", "email": "kalvotom@fit.cvut.cz", "is_staff": false, "is_active": true, "date_joined": "2021-12-06T15:29:08.450Z", "groups": [], "user_permissions": []}}, {"model": "auth.user", "pk": 10, "fields": {"password": "pbkdf2_sha256$260000$y2kjcI5C2pN4hKkPpQCN9E$BmHmLdISk9d26xcdSJglGR9gM2hIejwFefdB35qxKdU=", "last_login": null, "is_superuser": false, "username": "janoujan@fit.cvut.cz", "first_name": "Jan", "last_name": "Janousek", "email": "janoujan@fit.cvut.cz", "is_staff": false, "is_active": true, "date_joined": "2021-12-06T15:30:25.081Z", "groups": [], "user_permissions": []}}, {"model": "auth.user", "pk": 11, "fields": {"password": "pbkdf2_sha256$260000$GyvWgn3FiOgYO9yNLcXwvK$NPFZqmoKag2IJ7UFw9w9bqIN8VeRFHGFsGRCA3brFuM=", "last_login": null, "is_superuser": false, "username": "holubjan@fit.cvut.cz", "first_name": "Jan", "last_name": "Holub", "email": "holubjan@fit.cvut.cz", "is_staff": false, "is_active": true, "date_joined": "2021-12-06T15:31:07.559Z", "groups": [], "user_permissions": []}}, {"model": "auth.user", "pk": 12, "fields": {"password": "pbkdf2_sha256$260000$7eunboICvOoUMMaOUMvSkW$wI12UIdXKGjjUORg5QzyxD5dvKvVZfGoGQX2DDWRUDM=", "last_login": null, "is_superuser": false, "username": "guthondr@fit.cvut.cz", "first_name": "Ondrej", "last_name": "Guth", "email": "guthondr@fit.cvut.cz", "is_staff": false, "is_active": true, "date_joined": "2021-12-06T15:31:21.940Z", "groups": [], "user_permissions": []}}, {"model": "auth.user", "pk": 14, "fields": {"password": "pbkdf2_sha256$260000$mYMybA37Qe14WXPqnlcLF8$/+5wqzo4cHBwjYy/49c7hVl9NwIfV4/7k8U3ed/zR+4=", "last_login": null, "is_superuser": false, "username": "valentmich@fit.cvut.cz", "first_name": "Michal", "last_name": "Valenta", "email": "valentmich@fit.cvut.cz", "is_staff": false, "is_active": true, "date_joined": "2021-12-06T15:36:02.843Z", "groups": [], "user_permissions": []}}, {"model": "auth.user", "pk": 22, "fields": {"password": "pbkdf2_sha256$260000$FUV8La03xFHB5vl4xQTpBz$anu+3UZdBlmPURtJ0xJEZR1fyhpLbSclRRSgu5BF7L0=", "last_login": null, "is_superuser": false, "username": "buchtdav@fit.cvut.cz", "first_name": "David", "last_name": "Buchtela", "email": "buchtdav@fit.cvut.cz", "is_staff": false, "is_active": true, "date_joined": "2021-12-06T17:12:33.539Z", "groups": [], "user_permissions": []}}, {"model": "auth.user", "pk": 23, "fields": {"password": "pbkdf2_sha256$260000$45IpTqc1g1eDWTq3sm3MUv$nNnl/2D6tD1ft6FvOXstUiTPreLfptefmkvPVnw5JJE=", "last_login": null, "is_superuser": false, "username": "halaskjan@fit.cvut.cz", "first_name": "Ivan", "last_name": "Halaska", "email": "halaskjan@fit.cvut.cz", "is_staff": false, "is_active": true, "date_joined": "2021-12-06T17:12:59.363Z", "groups": [], "user_permissions": []}}, {"model": "auth.user", "pk": 24, "fields": {"password": "pbkdf2_sha256$260000$4bJbPciyUFjgMsJZCFbS2O$f3Aot5RbQV10Yn4kiqi7mf3RBmxA3cWDGUagj5KuKe4=", "last_login": null, "is_superuser": false, "username": "kubathan@fit.cvut.cz", "first_name": "Hana", "last_name": "Kubatova", "email": "kubathan@fit.cvut.cz", "is_staff": false, "is_active": true, "date_joined": "2021-12-06T17:14:07.892Z", "groups": [], "user_permissions": []}}, {"model": "auth.user", "pk": 25, "fields": {"password": "pbkdf2_sha256$260000$RdTz0fC5cq1LauC44fmUOg$lAk+mb+Ni1E2SWYf7cu89DWlYmq6U2bS7r5qGxOgZ5s=", "last_login": null, "is_superuser": false, "username": "skrbmiro@fit.cvut.cz", "first_name": "Miroslav", "last_name": "Skrbek", "email": "skrbmiro@fit.cvut.cz", "is_staff": false, "is_active": true, "date_joined": "2021-12-06T17:14:52.020Z", "groups": [], "user_permissions": []}}, {"model": "auth.user", "pk": 26, "fields": {"password": "pbkdf2_sha256$260000$JXsA3ncT34Glzv3L5wbzlP$kALqCeF70WbuGFcBtQRizuohnG/zfLd93V3meZ4ieSw=", "last_login": null, "is_superuser": false, "username": "tvrdipav@fit.cvut.cz", "first_name": "Pavel", "last_name": "Tvrdik", "email": "tvrdipav@fit.cvut.cz", "is_staff": false, "is_active": true, "date_joined": "2021-12-06T17:15:22.481Z", "groups": [], "user_permissions": []}}, {"model": "auth.user", "pk": 27, "fields": {"password": "pbkdf2_sha256$260000$rN8y0vaB592MITjysNgHte$JWpfWBdtvMEQDoFumt+ewIuQDIlEN7gXQ+PRz8i3GPM=", "last_login": null, "is_superuser": false, "username": "simeciva@fit.cvut.cz", "first_name": "Ivan", "last_name": "Simecek", "email": "simeciva@fit.cvut.cz", "is_staff": false, "is_active": true, "date_joined": "2021-12-06T17:15:45.147Z", "groups": [], "user_permissions": []}}, {"model": "auth.user", "pk": 28, "fields": {"password": "pbkdf2_sha256$260000$SB9i1kQWzAlf7IbhNjfHVZ$OH1CU1ZCqWttg1wrkhUAH/PnFVhb4RDAciec6EEAJ78=", "last_login": null, "is_superuser": false, "username": "kloudkar@fit.cvut.cz", "first_name": "Karel", "last_name": "Klouda", "email": "kloudkar@fit.cvut.cz", "is_staff": false, "is_active": true, "date_joined": "2021-12-06T17:16:25.481Z", "groups": [], "user_permissions": []}}, {"model": "auth.user", "pk": 29, "fields": {"password": "pbkdf2_sha256$260000$Ul7lXa7gf5y2I16rKjnXC5$B07SLe/pBhFGRLk3vquBl7R9WwltQzev9Lzg6EDvgW0=", "last_login": null, "is_superuser": false, "username": "lorenrob@fit.cvut.cz", "first_name": "Robert", "last_name": "Lorencz", "email": "lorenrob@fit.cvut.cz", "is_staff": false, "is_active": true, "date_joined": "2021-12-06T17:19:03.481Z", "groups": [], "user_permissions": []}}, {"model": "auth.user", "pk": 30, "fields": {"password": "pbkdf2_sha256$260000$IT1NIQCqka5lMgCbjer1aK$/wvdPHXwJK/JvkFBJhXdSertA4j/iYWf1h27reKv0Cg=", "last_login": null, "is_superuser": false, "username": "dombedan@fit.cvut.cz", "first_name": "Daniel", "last_name": "Dombek", "email": "dombedan@fit.cvut.cz", "is_staff": false, "is_active": true, "date_joined": "2021-12-06T17:19:39.357Z", "groups": [], "user_permissions": []}}, {"model": "auth.user", "pk": 31, "fields": {"password": "pbkdf2_sha256$260000$PfqlaTK2ZthigWM0gykea7$VavoON51C93h+CsbyFTxoayw5a0SiCgETsLLddCnstA=", "last_login": null, "is_superuser": false, "username": "smidoreg@fit.cvut.cz", "first_name": "Regina", "last_name": "Smidova", "email": "smidoreg@fit.cvut.cz", "is_staff": false, "is_active": true, "date_joined": "2021-12-06T17:21:52.405Z", "groups": [], "user_permissions": []}}, {"model": "auth.user", "pk": 32, "fields": {"password": "pbkdf2_sha256$260000$bLXyg8SmGUaFvarIiJVnJ8$5d1VAOrJCSkF3hII0Kd7yEq9fKqHNtv1IWi4GSXhW9g=", "last_login": null, "is_superuser": false, "username": "novotjan@fit.cvut.cz", "first_name": "Jana", "last_name": "Novotna", "email": "novotjan@fit.cvut.cz", "is_staff": false, "is_active": true, "date_joined": "2021-12-06T17:30:49.172Z", "groups": [], "user_permissions": []}}, {"model": "auth.user", "pk": 33, "fields": {"password": "pbkdf2_sha256$260000$emlj9hNL4DIaTvy2WA66XE$Eu7x+sk2eJGnMxSa6emowjS9lsL0h8bZJp9LuppgZ2Y=", "last_login": null, "is_superuser": false, "username": "zemcikpav@fit.cvut.cz", "first_name": "Pavel", "last_name": "Zemcik", "email": "zemcikpav@fit.cvut.cz", "is_staff": false, "is_active": true, "date_joined": "2021-12-06T18:15:28.265Z", "groups": [], "user_permissions": []}}, {"model": "auth.user", "pk": 34, "fields": {"password": "pbkdf2_sha256$260000$KNEM9SCWxzm5LUy1k1fc53$iAnUo5YDvtP6NYCBu3Gv7gJFlYwq/bqWIu3bDbB8Ihg=", "last_login": null, "is_superuser": false, "username": "koubaalo@fit.cvut.cz", "first_name": "Alois", "last_name": "Kouba", "email": "koubaalo@fit.cvut.cz", "is_staff": false, "is_active": true, "date_joined": "2021-12-06T18:17:28.223Z", "groups": [], "user_permissions": []}}, {"model": "auth.user", "pk": 35, "fields": {"password": "pbkdf2_sha256$260000$eiBAuZfzp6nBlxbZHfFeWv$Z9wxemNfDHwVDRS+QLXbQhBaVs+04EilBbCHLp2pjuM=", "last_login": null, "is_superuser": false, "username": "novypetr@fit.cvut.cz", "first_name": "Petr", "last_name": "Novy", "email": "novypetr@fit.cvut.cz", "is_staff": false, "is_active": true, "date_joined": "2021-12-06T18:17:54.554Z", "groups": [], "user_permissions": []}}, {"model": "auth.user", "pk": 36, "fields": {"password": "pbkdf2_sha256$260000$AUgy7z1gwPGx1mDMWHahYl$p2wr5y9yHZibBP1tRym0q5bfbZAdjeNPyIt8Q/NaUeI=", "last_login": null, "is_superuser": false, "username": "zavadmil@fit.cvut.cz", "first_name": "Milos", "last_name": "Zavadil", "email": "zavadmil@fit.cvut.cz", "is_staff": false, "is_active": true, "date_joined": "2021-12-06T18:18:24.773Z", "groups": [], "user_permissions": []}}, {"model": "auth.user", "pk": 37, "fields": {"password": "pbkdf2_sha256$260000$fqZtzQj9448gKFc2XviWsg$HJB5ffo7GhysOGNNVr2rv7VggaY3TV2lfQP1jtfaHK0=", "last_login": null, "is_superuser": false, "username": "havelpav@fit.cvut.cz", "first_name": "Pavel", "last_name": "Havel", "email": "havelpav@fit.cvut.cz", "is_staff": false, "is_active": true, "date_joined": "2021-12-06T18:18:49.754Z", "groups": [], "user_permissions": []}}, {"model": "auth.user", "pk": 38, "fields": {"password": "pbkdf2_sha256$260000$vs62pH3UjLQAzxi4KwaRcG$xGPLBFpJpRtx26QiN+N9TNmpw+a711B7T6+toU1TvQw=", "last_login": null, "is_superuser": false, "username": "rysavdan@fit.cvut.cz", "first_name": "Daniel", "last_name": "Rysavy", "email": "rysavdan@fit.cvut.cz", "is_staff": false, "is_active": true, "date_joined": "2021-12-06T18:20:13.607Z", "groups": [], "user_permissions": []}}, {"model": "auth.user", "pk": 39, "fields": {"password": "pbkdf2_sha256$260000$JCpG04XOozI34apfjYxhbk$JKwlqooB8ihGyPNXx+5NUeXeFotORmNusLugaUCtUzE=", "last_login": null, "is_superuser": false, "username": "holyjir@fit.cvut.cz", "first_name": "Jiri", "last_name": "Holy", "email": "holyjir@fit.cvut.cz", "is_staff": false, "is_active": true, "date_joined": "2021-12-07T15:23:25.945Z", "groups": [], "user_permissions": []}}, {"model": "contenttypes.contenttype", "pk": 1, "fields": {"app_label": "admin", "model": "logentry"}}, {"model": "contenttypes.contenttype", "pk": 2, "fields": {"app_label": "auth", "model": "permission"}}, {"model": "contenttypes.contenttype", "pk": 3, "fields": {"app_label": "auth", "model": "group"}}, {"model": "contenttypes.contenttype", "pk": 4, "fields": {"app_label": "auth", "model": "user"}}, {"model": "contenttypes.contenttype", "pk": 5, "fields": {"app_label": "contenttypes", "model": "contenttype"}}, {"model": "contenttypes.contenttype", "pk": 6, "fields": {"app_label": "sessions", "model": "session"}}, {"model": "contenttypes.contenttype", "pk": 7, "fields": {"app_label": "reservations", "model": "building"}}, {"model": "contenttypes.contenttype", "pk": 8, "fields": {"app_label": "reservations", "model": "group"}}, {"model": "contenttypes.contenttype", "pk": 9, "fields": {"app_label": "reservations", "model": "person"}}, {"model": "contenttypes.contenttype", "pk": 10, "fields": {"app_label": "reservations", "model": "room"}}, {"model": "contenttypes.contenttype", "pk": 11, "fields": {"app_label": "reservations", "model": "reservationstatus"}}, {"model": "contenttypes.contenttype", "pk": 12, "fields": {"app_label": "reservations", "model": "reservation"}}, {"model": "sessions.session", "pk": "7886scttmdax8oz4692ldym15647c4ns", "fields": {"session_data": ".eJxVjEEOwiAQAP_C2RCgZSkevfcNZLcLUjWQlPZk_Lsh6UGvM5N5i4DHnsPR4hZWFlehxeWXES7PWLrgB5Z7lUst-7aS7Ik8bZNz5fi6ne3fIGPLfcsKYGKG6K0yzquETC4lbyJZGDxYxgSEg_NORzBGp2nEEQGsZcckPl_jbjfr:1muZNs:Hmzr4c6lDWPnd0_k1_WjQ06cMCIJUClLHs9nyJsULsI", "expire_date": "2021-12-21T12:15:48.136Z"}}, {"model": "sessions.session", "pk": "8f3q0tcj6rky1absqe44ngeeiqal0ahl", "fields": {"session_data": ".eJxVjEEOwiAQAP_C2RCgZSkevfcNZLcLUjWQlPZk_Lsh6UGvM5N5i4DHnsPR4hZWFlehxeWXES7PWLrgB5Z7lUst-7aS7Ik8bZNz5fi6ne3fIGPLfcsKYGKG6K0yzquETC4lbyJZGDxYxgSEg_NORzBGp2nEEQGsZcckPl_jbjfr:1muFP3:GHLkOdBO5XQ1CrfY7T56jETc5OBTNvrguU_ps1SGh68", "expire_date": "2021-12-20T14:55:41.865Z"}}, {"model": "reservations.person", "pk": 3, "fields": {"user": 9, "phone_number": "777888999", "occupy": [1, 2, 3, 4, 19, 20, 21, 22, 23, 24, 25, 26, 27, 28]}}, {"model": "reservations.person", "pk": 4, "fields": {"user": 10, "phone_number": "776888999", "occupy": [1, 2, 3, 4, 18, 19, 20, 21, 22, 23, 24, 25, 26, 27, 28]}}, {"model": "reservations.person", "pk": 5, "fields": {"user": 11, "phone_number": "775888999", "occupy": [1, 2, 3, 4]}}, {"model": "reservations.person", "pk": 6, "fields": {"user": 12, "phone_number": "774888999", "occupy": [18, 19, 20, 21, 22, 23, 24, 25, 26, 27, 28]}}, {"model": "reservations.person", "pk": 7, "fields": {"user": 14, "phone_number": "772888999", "occupy": [1, 2, 3, 4, 18, 19, 20, 21, 22, 23, 24, 25, 26, 27, 28]}}, {"model": "reservations.person", "pk": 13, "fields": {"user": 22, "phone_number": "770888999", "occupy": [1, 2, 3, 4]}}, {"model": "reservations.person", "pk": 14, "fields": {"user": 23, "phone_number": "769777888", "occupy": [20, 21, 23, 24, 27, 28]}}, {"model": "reservations.person", "pk": 15, "fields": {"user": 24, "phone_number": "755888999", "occupy": [1]}}, {"model": "reservations.person", "pk": 16, "fields": {"user": 25, "phone_number": "700888999", "occupy": [25, 26]}}, {"model": "reservations.person", "pk": 17, "fields": {"user": 26, "phone_number": "760777888", "occupy": [1, 2, 3, 4, 18, 19, 20, 21, 22, 23, 24, 25, 26, 27, 28]}}, {"model": "reservations.person", "pk": 18, "fields": {"user": 27, "phone_number": "787888999", "occupy": []}}, {"model": "reservations.person", "pk": 19, "fields": {"user": 28, "phone_number": "799888999", "occupy": []}}, {"model": "reservations.person", "pk": 20, "fields": {"user": 29, "phone_number": "888999888", "occupy": []}}, {"model": "reservations.person", "pk": 21, "fields": {"user": 30, "phone_number": "666666666", "occupy": []}}, {"model": "reservations.person", "pk": 22, "fields": {"user": 31, "phone_number": "999888777", "occupy": []}}, {"model": "reservations.person", "pk": 23, "fields": {"user": 32, "phone_number": "750888999", "occupy": []}}, {"model": "reservations.person", "pk": 24, "fields": {"user": 33, "phone_number": "555777888", "occupy": []}}, {"model": "reservations.person", "pk": 25, "fields": {"user": 34, "phone_number": "777222888", "occupy": []}}, {"model": "reservations.person", "pk": 26, "fields": {"user": 35, "phone_number": "899666555", "occupy": []}}, {"model": "reservations.person", "pk": 27, "fields": {"user": 36, "phone_number": "858989777", "occupy": []}}, {"model": "reservations.person", "pk": 28, "fields": {"user": 37, "phone_number": "855222666", "occupy": []}}, {"model": "reservations.person", "pk": 29, "fields": {"user": 38, "phone_number": "797565858", "occupy": []}}, {"model": "reservations.person", "pk": 30, "fields": {"user": 39, "phone_number": "855999965", "occupy": []}}, {"model": "reservations.building", "pk": 5, "fields": {"name": "CIIRC"}}, {"model": "reservations.building", "pk": 6, "fields": {"name": "Nova budova CVUT"}}, {"model": "reservations.building", "pk": 7, "fields": {"name": "FSv"}}, {"model": "reservations.building", "pk": 8, "fields": {"name": "Narodni technicka knihovna"}}, {"model": "reservations.building", "pk": 9, "fields": {"name": "FEL"}}, {"model": "reservations.building", "pk": 10, "fields": {"name": "FS"}}, {"model": "reservations.building", "pk": 11, "fields": {"name": "UTVS"}}, {"model": "reservations.building", "pk": 12, "fields": {"name": "FEL FS"}}, {"model": "reservations.group", "pk": 1, "fields": {"name": "Katedra teoreticke informatiky", "parent": 7, "manager": 4, "member": [4, 5, 6, 22]}}, {"model": "reservations.group", "pk": 2, "fields": {"name": "Katedra softwaroveho inzenyrstvi", "parent": 7, "manager": 7, "member": [7, 13, 14]}}, {"model": "reservations.group", "pk": 3, "fields": {"name": "Katedra cislicoveho navrhu", "parent": 7, "manager": 15, "member": [15, 16]}}, {"model": "reservations.group", "pk": 4, "fields": {"name": "Katedra pocitacovych systemu", "parent": 7, "manager": 17, "member": [17, 18]}}, {"model": "reservations.group", "pk": 5, "fields": {"name": "Katedra aplikovane matematiky", "parent": 7, "manager": 19, "member": [3, 19, 21]}}, {"model": "reservations.group", "pk": 6, "fields": {"name": "Katedra informacni bezpecnosti", "parent": 7, "manager": 20, "member": [20]}}, {"model": "reservations.group", "pk": 7, "fields": {"name": "CVUT FIT Staff", "parent": null, "manager": 24, "member": [24]}}, {"model": "reservations.room", "pk": 1, "fields": {"name": "T9:155", "building": 6, "group": null, "manager": 23}}, {"model": "reservations.room", "pk": 2, "fields": {"name": "T9:322", "building": 6, "group": null, "manager": 23}}, {"model": "reservations.room", "pk": 3, "fields": {"name": "T9:349", "building": 6, "group": null, "manager": 23}}, {"model": "reservations.room", "pk": 4, "fields": {"name": "T9:364", "building": 6, "group": null, "manager": 23}}, {"model": "reservations.room", "pk": 5, "fields": {"name": "TH:A-924", "building": 7, "group": 2, "manager": 7}}, {"model": "reservations.room", "pk": 6, "fields": {"name": "TH:A-927", "building": 7, "group": 2, "manager": 13}}, {"model": "reservations.room", "pk": 7, "fields": {"name": "TH:A-1224", "building": 7, "group": 1, "manager": 4}}, {"model": "reservations.room", "pk": 8, "fields": {"name": "TH:A-1231", "building": 7, "group": 1, "manager": 6}}, {"model": "reservations.room", "pk": 9, "fields": {"name": "TH:A-1235", "building": 7, "group": 1, "manager": 5}}, {"model": "reservations.room", "pk": 10, "fields": {"name": "TH:A-953", "building": 7, "group": 2, "manager": 14}}, {"model": "reservations.room", "pk": 11, "fields": {"name": "TH:A-1024", "building": 7, "group": 3, "manager": 15}}, {"model": "reservations.room", "pk": 12, "fields": {"name": "TH:A-1029", "building": 7, "group": 3, "manager": 16}}, {"model": "reservations.room", "pk": 13, "fields": {"name": "TH:A-1129", "building": 7, "group": 4, "manager": 18}}, {"model": "reservations.room", "pk": 14, "fields": {"name": "TH:A-1124", "building": 7, "group": 4, "manager": 17}}, {"model": "reservations.room", "pk": 15, "fields": {"name": "TH:A-1431", "building": 7, "group": 5, "manager": 19}}, {"model": "reservations.room", "pk": 16, "fields": {"name": "TH:A-1426", "building": 7, "group": 5, "manager": 3}}, {"model": "reservations.room", "pk": 17, "fields": {"name": "TH:A-1122", "building": 7, "group": 6, "manager": 20}}, {"model": "reservations.room", "pk": 18, "fields": {"name": "TH:A-s135", "building": 7, "group": null, "manager": 23}}, {"model": "reservations.room", "pk": 19, "fields": {"name": "TK:BS", "building": 8, "group": null, "manager": 23}}, {"model": "reservations.room", "pk": 20, "fields": {"name": "T2:E1-1", "building": 9, "group": null, "manager": 23}}, {"model": "reservations.room", "pk": 21, "fields": {"name": "T2:A3-316d", "building": 9, "group": null, "manager": 23}}, {"model": "reservations.room", "pk": 22, "fields": {"name": "T9:105", "building": 6, "group": null, "manager": 23}}, {"model": "reservations.room", "pk": 23, "fields": {"name": "KN:E-301", "building": 12, "group": null, "manager": 23}}, {"model": "reservations.room", "pk": 24, "fields": {"name": "KN:A-214", "building": 12, "group": null, "manager": 23}}, {"model": "reservations.room", "pk": 25, "fields": {"name": "T4:C2-438", "building": 10, "group": null, "manager": 23}}, {"model": "reservations.room", "pk": 26, "fields": {"name": "T9:D1-266", "building": 10, "group": null, "manager": 23}}, {"model": "reservations.room", "pk": 27, "fields": {"name": "JP:B-315", "building": 5, "group": null, "manager": 23}}, {"model": "reservations.room", "pk": 28, "fields": {"name": "JP:B-633", "building": 5, "group": null, "manager": 23}}, {"model": "reservations.reservationstatus", "pk": 1, "fields": {"author": 3, "dt_modified": "2021-12-07T12:21:16.638Z", "status": "Pending authorisation", "note": "Rezervace pro studenty, aby mohli pracovat na projektu"}}, {"model": "reservations.reservationstatus", "pk": 2, "fields": {"author": 6, "dt_modified": "2021-12-07T12:35:20.720Z", "status": "Pending authorisation", "note": "Predzkouskova konzultace pro kolegu"}}, {"model": "reservations.reservationstatus", "pk": 3, "fields": {"author": 4, "dt_modified": "2021-12-07T12:42:53.848Z", "status": "Pending authorisation", "note": "Rezervace pro mne a kolegu"}}, {"model": "reservations.reservationstatus", "pk": 4, "fields": {"author": 19, "dt_modified": "2021-12-07T12:45:23.069Z", "status": "Pending authorisation", "note": "Setkani vedeni KAMu"}}, {"model": "reservations.reservationstatus", "pk": 5, "fields": {"author": 3, "dt_modified": "2021-12-07T12:47:10.110Z", "status": "Pending authorisation", "note": "Chtel bych rezertovat NTK BS pro spolecne uceni kolegu"}}, {"model": "reservations.reservationstatus", "pk": 7, "fields": {"author": 23, "dt_modified": "2021-12-07T15:21:36.174Z", "status": "Approved", "note": "Ano, muzete"}}, {"model": "reservations.reservationstatus", "pk": 8, "fields": {"author": 23, "dt_modified": "2021-12-07T15:24:47.149Z", "status": "Declined", "note": "V tuto chvili je mistnost obsazena, lituji"}}, {"model": "reservations.reservation", "pk": 1, "fields": {"author": 3, "owner": 3, "room": 3, "dt_from": "2021-12-20T12:21:30Z", "dt_to": "2021-12-20T15:21:44Z", "dt_created": "2021-12-07T12:22:25.455Z", "attendees": [26, 27, 28, 29], "reservation_status": [1]}}, {"model": "reservations.reservation", "pk": 2, "fields": {"author": 6, "owner": 21, "room": 1, "dt_from": "2021-12-25T12:34:52Z", "dt_to": "2021-12-26T12:34:54Z", "dt_created": "2021-12-07T12:35:23.939Z", "attendees": [25], "reservation_status": [2]}}, {"model": "reservations.reservation", "pk": 3, "fields": {"author": 4, "owner": 4, "room": 5, "dt_from": "2021-12-24T12:43:03Z", "dt_to": "2021-12-24T13:43:09Z", "dt_created": "2021-12-07T12:43:18.498Z", "attendees": [5], "reservation_status": [3]}}, {"model": "reservations.reservation", "pk": 4, "fields": {"author": 19, "owner": 19, "room": 2, "dt_from": "2021-12-29T12:45:33Z", "dt_to": "2021-12-30T12:45:40Z", "dt_created": "2021-12-07T14:39:44.742Z", "attendees": [3, 19, 21], "reservation_status": [4, 7]}}, {"model": "reservations.reservation", "pk": 5, "fields": {"author": 3, "owner": 29, "room": 19, "dt_from": "2021-12-21T12:47:15Z", "dt_to": "2021-12-21T12:47:25Z", "dt_created": "2021-12-07T12:47:29.680Z", "attendees": [25, 26, 27, 28], "reservation_status": [5, 8]}}]
